"","sigma","h","mu","f"
"1",0.787918503420427,0.00727324117421328,1.81131188616622e-05,0.138951662722975
"2",0.600243766121566,0.0084955653748087,2.73550925453845e-05,0.0771507406979799
"3",0.418695446573198,0.013986105787626,1.16343219089881e-05,0.0573195000784472
"4",0.638492383660749,0.0113921778999308,2.44781265662611e-05,0.104708870355971
"5",0.943626761546358,0.0129353163875445,1.93216389240883e-05,0.12033452025149
