"","sigma","h","mu","f"
"1",0.697067831737176,0.00965904731119129,1.99798997453731e-05,0.101755940120667
"2",0.734762601090968,0.0111069496457155,2.19573517886866e-05,0.0972714286753908
"3",0.679668532709405,0.00986056561281051,2.01911966927238e-05,0.107457065308467
"4",0.660406460542977,0.0103227508885902,1.91836588733476e-05,0.105714751455002
"5",0.638762534908205,0.0109205920460712,2.1243031887453e-05,0.0909107193853706
