"","Tropics","Temperate"
"0",0.344827586206897,0.916666666666667
"0.25",0.0416666666666667,0.137931034482759
"0.5",0.137931034482759,0
"0.75",0.145833333333333,0
"1",0.206896551724138,0
