"","Region","meanweek","errweek"
"1","Southern",28.5,1.45487685618635
"2","Tropics",29.1034482758621,2.63845418039332
"3","Northern",8.92857142857143,2.04405396907838
