"","Region","meanweek","errweek"
"1","Southern",28.5,1.45487685618635
"2","Tropics",29.1034482758621,2.6519556997551
"3","Northern",8.95238095238095,2.05610966870623
