"","Tropics","Temperate"
"0",0.379310344827586,0.958333333333333
"0.25",0,0.0416666666666667
"0.5",0.172413793103448,0
"0.75",0.172413793103448,0
"1",0.275862068965517,0
