"","Region_Combined","means","sterr"
"1","Tropics",38.1167543200717,4.88939481457017
"2","Temperate",52.8794883402661,3.44185288715506
