"","Region_Combined","means","sterr"
"1","Tropics",-85.2621378701061,2.49131854232977
"2","Temperate",-33.4493751241006,2.11913102384474
