"","Region_Combined","means","sterr"
"1","Tropics",5.34823130443015,0.644477216945543
"2","Temperate",20.6975090239276,1.12066659773041
